Colony,slide_id,Sample,NN_level,mean_distance,sd_distance,n,se_distance
SC1,1SG1T1,T1,1,1.2848570231026175,0.2877789176345123,80,0.03217466111610412
SC1,1SG1T1,T1,2,1.552213870615083,0.19690901501952143,80,0.02201509714830885
SC1,1SG1T1,T1,3,1.78132714665733,0.2647649993227315,80,0.02960162682741567
SC1,1SG1T1,T1,4,2.0219177293482375,0.3516416870384392,80,0.03931473579703283
SC1,1SG1T1,T1,5,2.283136642734597,0.39890899895209747,80,0.04459938192466412
SC1,1SG1T1,T1,6,2.5876810344883516,0.4324363347500076,80,0.048347852022093574
SC1,1SG1T1,T1,7,2.833332167433538,0.4705142769682709,80,0.05260509538426087
SC1,1SG1T1,T1,8,3.061369606860312,0.4609461962756402,80,0.051535351442114595
SC1,1SG1T2,T2,1,1.249595897874004,0.23800104637500968,86,0.025664312855937448
SC1,1SG1T2,T2,2,1.5130356886813252,0.20151452001407893,86,0.021729869533877923
SC1,1SG1T2,T2,3,1.717851444418708,0.24415166151625156,86,0.02632755074352462
SC1,1SG1T2,T2,4,1.9607807410434446,0.33237983317924996,86,0.03584143916861476
SC1,1SG1T2,T2,5,2.1965692848921865,0.37640338828546366,86,0.04058862120199217
SC1,1SG1T2,T2,6,2.4708629020441633,0.41128122490085206,86,0.04434959504756593
SC1,1SG1T2,T2,7,2.703572769771077,0.43013060881098464,86,0.0463821763877718
SC1,1SG1T2,T2,8,2.9146661349062097,0.4196688786674259,86,0.04525405901388585
SC1,1SG1T3,T3,1,1.169395457639279,0.307953203318325,206,0.021456116360873596
SC1,1SG1T3,T3,2,1.432808690390985,0.25168001878029206,206,0.017535377812176383
SC1,1SG1T3,T3,3,1.6232784886654053,0.2387422727047013,206,0.016633962330037794
SC1,1SG1T3,T3,4,1.8224860158861935,0.2916624564830682,206,0.02032108624611459
SC1,1SG1T3,T3,5,2.0142541605729716,0.3334374217443312,206,0.023231685992955328
SC1,1SG1T3,T3,6,2.2229010764445625,0.36402367263547725,206,0.025362731070882112
SC1,1SG1T3,T3,7,2.426825910911601,0.3546695549877267,206,0.024710998812406546
SC1,1SG1T3,T3,8,2.602996436361056,0.3823935133432907,206,0.026642618519723285
SC1,1SG1T4,T4,1,1.2549008126465107,0.2470624131554275,151,0.020105654042203876
SC1,1SG1T4,T4,2,1.4684958831754378,0.17563422963615366,151,0.014292910904306538
SC1,1SG1T4,T4,3,1.6357706883979448,0.19760039012071962,151,0.016080491692892024
SC1,1SG1T4,T4,4,1.8285785342252043,0.2803881220300288,151,0.022817661768455687
SC1,1SG1T4,T4,5,2.0556953316647157,0.3444018073219739,151,0.028027021597855094
SC1,1SG1T4,T4,6,2.300649903864992,0.3713591587592463,151,0.030220779745724135
SC1,1SG1T4,T4,7,2.5323949169579727,0.3731303792811767,151,0.030364919627592694
SC1,1SG1T4,T4,8,2.7280794945085005,0.35521577640505025,151,0.028907049921186662
SC1,1SG1T5,T5,1,1.1340409264017728,0.43171440621602414,97,0.04383395667843776
SC1,1SG1T5,T5,2,1.4898209910326308,0.19567209784687836,97,0.019867491417247824
SC1,1SG1T5,T5,3,1.6877982979953468,0.19398372539903844,97,0.01969606316822467
SC1,1SG1T5,T5,4,1.8810431885522239,0.2735703169297495,97,0.027776857218900993
SC1,1SG1T5,T5,5,2.094635846938324,0.35401365012987135,97,0.03594464020643196
SC1,1SG1T5,T5,6,2.316443448724509,0.40247927828085733,97,0.040865579174821524
SC1,1SG1T5,T5,7,2.5437545250388833,0.3706240825495047,97,0.03763117409228055
SC1,1SG1T5,T5,8,2.7603625177806475,0.3257999544082234,97,0.03307997343090976
SC10,1SG10T1,T1,1,1.248199805339674,0.25528368911461047,134,0.022053151859203993
SC10,1SG10T1,T1,2,1.4291137325845942,0.239035917111142,134,0.020649558137219873
SC10,1SG10T1,T1,3,1.5976739883890265,0.24949885912791583,134,0.02155341866191782
SC10,1SG10T1,T1,4,1.769250892047589,0.2728734985073634,134,0.023572679953843365
SC10,1SG10T1,T1,5,2.0108923673703405,0.35354519631947134,134,0.030541653211635458
SC10,1SG10T1,T1,6,2.2596965412389847,0.3807218760820389,134,0.03288936076753726
SC10,1SG10T1,T1,7,2.505817550157096,0.3591649741912907,134,0.03102712807786001
SC10,1SG10T1,T1,8,2.705939666941789,0.37744811179772536,134,0.03260655060773582
SC10,1SG10T2,T2,1,1.1898648512294667,0.3233266780115457,119,0.029639307978230837
SC10,1SG10T2,T2,2,1.4845977733592548,0.2775982699241293,119,0.025447391681708103
SC10,1SG10T2,T2,3,1.6756102862814826,0.292187494713198,119,0.026784783725402706
SC10,1SG10T2,T2,4,1.901590710865728,0.3534484134830353,119,0.03240056294169043
SC10,1SG10T2,T2,5,2.1020326165941503,0.37652276942926444,119,0.03451578568327065
SC10,1SG10T2,T2,6,2.344466746405499,0.43575763587119076,119,0.03994583698716872
SC10,1SG10T2,T2,7,2.553846414056283,0.429886476776153,119,0.039407628715345255
SC10,1SG10T2,T2,8,2.7484585432790287,0.4334398619514625,119,0.03973336700030211
SC10,1SG10T3,T3,1,1.245907443716006,0.23866082611758865,102,0.02363094305851137
SC10,1SG10T3,T3,2,1.4342723440982321,0.24397394245520906,102,0.02415701996723578
SC10,1SG10T3,T3,3,1.6368219071418282,0.28741938059939637,102,0.028458759350436996
SC10,1SG10T3,T3,4,1.8869840377124765,0.328568259309722,102,0.032533105465564406
SC10,1SG10T3,T3,5,2.107465494505997,0.35081861025395455,102,0.034736218497344463
SC10,1SG10T3,T3,6,2.3270592820672396,0.38336403538981667,102,0.03795869577068498
SC10,1SG10T3,T3,7,2.54267318588072,0.3977288662431101,102,0.039381025968151386
SC10,1SG10T3,T3,8,2.765501952271462,0.3777025561277062,102,0.03739812579258577
SC10,1SG10T4,T4,1,1.1709666801425442,0.2555751194800241,98,0.02581698572669816
SC10,1SG10T4,T4,2,1.38968381595492,0.2218322474523138,98,0.022408440922769047
SC10,1SG10T4,T4,3,1.5608213305843148,0.22705628982729942,98,0.022936148892563075
SC10,1SG10T4,T4,4,1.7872927688256968,0.3379945611061483,98,0.03414260659461834
SC10,1SG10T4,T4,5,2.016190060363058,0.35586239613278836,98,0.035947530496398296
SC10,1SG10T4,T4,6,2.258922458892676,0.3873686276945052,98,0.03913014049453024
SC10,1SG10T4,T4,7,2.5149655412968803,0.40804110846539443,98,0.04121837639982228
SC10,1SG10T4,T4,8,2.692092803128248,0.38757872487799017,98,0.039151363514980296
SC10,1SG10T5,T5,1,1.1822702323251464,0.2888509057863489,99,0.029030608328715662
SC10,1SG10T5,T5,2,1.4453991558225139,0.2579558721665004,99,0.025925540619550415
SC10,1SG10T5,T5,3,1.6028124105096653,0.2635892655198498,99,0.02649171795438502
SC10,1SG10T5,T5,4,1.8097167762620834,0.3089498903624247,99,0.031050632283442445
SC10,1SG10T5,T5,5,2.04755848376672,0.34422679800416106,99,0.03459609490197761
SC10,1SG10T5,T5,6,2.2693175853094005,0.38346118390274814,99,0.03853929905063289
SC10,1SG10T5,T5,7,2.4902461560315117,0.4077592395469948,99,0.040981345526606934
SC10,1SG10T5,T5,8,2.692798515395243,0.3652414808632792,99,0.036708149996886943
SC2,1SG2T1,T1,1,1.4150693183714884,0.2730932566942019,65,0.033873049612167916
SC2,1SG2T1,T1,2,1.6708727874035645,0.21593392042423837,65,0.026783306508627668
SC2,1SG2T1,T1,3,1.899077630841436,0.2265560868401563,65,0.02810082410078845
SC2,1SG2T1,T1,4,2.1668472096256757,0.31249446008218484,65,0.0387601674168918
SC2,1SG2T1,T1,5,2.527860949686385,0.42111866851716756,65,0.05223334228008774
SC2,1SG2T1,T1,6,2.8598882982735914,0.4218066663890586,65,0.05231867791352569
SC2,1SG2T1,T1,7,3.151390066033327,0.40510167770849603,65,0.05024667907621637
SC2,1SG2T1,T1,8,3.3775357828468136,0.42654042973047285,65,0.052905828993186126
SC2,1SG2T2,T2,1,1.371787999811614,0.23464619127867073,57,0.031079647281067286
SC2,1SG2T2,T2,2,1.669168818660527,0.2370604423082017,57,0.031399422641736424
SC2,1SG2T2,T2,3,1.940875764453837,0.33698481318039913,57,0.04463472888969575
SC2,1SG2T2,T2,4,2.2493196640690964,0.4171636028531024,57,0.055254669016876555
SC2,1SG2T2,T2,5,2.521794291147652,0.5067923792751367,57,0.06712629046638983
SC2,1SG2T2,T2,6,2.855013195396613,0.5532153363251504,57,0.07327516133872825
SC2,1SG2T2,T2,7,3.134964125177705,0.5950612892379504,57,0.07881779320325062
SC2,1SG2T2,T2,8,3.440434725592598,0.5862685873918496,57,0.07765317139313202
SC2,1SG2T3,T3,1,1.3605725805041,0.31182300038416977,77,0.03553552887715389
SC2,1SG2T3,T3,2,1.6338686318295235,0.25541232106029693,77,0.029106935342925563
SC2,1SG2T3,T3,3,1.8996204208000824,0.27252114122891985,77,0.03105666635188611
SC2,1SG2T3,T3,4,2.1473485626767608,0.3483367584586824,77,0.03969665779603311
SC2,1SG2T3,T3,5,2.451049381737409,0.397860259762281,77,0.045340384552890835
SC2,1SG2T3,T3,6,2.7529978559969455,0.42228042578115005,77,0.048123320749641214
SC2,1SG2T3,T3,7,3.0165269389574316,0.4291973684106474,77,0.04891157951903698
SC2,1SG2T3,T3,8,3.284734482358395,0.4484523343872469,77,0.05110588654144097
SC2,1SG2T4,T4,1,1.2712805306299761,0.29276508640160787,69,0.03524477468018649
SC2,1SG2T4,T4,2,1.525897643834103,0.19344226059732786,69,0.023287711564848993
SC2,1SG2T4,T4,3,1.771906632972175,0.2617880769676477,69,0.03151558097343328
SC2,1SG2T4,T4,4,1.9938900850333037,0.3648427072964952,69,0.04392190056001017
SC2,1SG2T4,T4,5,2.2510252867792855,0.37657323148120553,69,0.04533408972112977
SC2,1SG2T4,T4,6,2.5463440498090115,0.43299629414779195,69,0.052126628253958585
SC2,1SG2T4,T4,7,2.7708657293765833,0.4347199849711543,69,0.05233413624418518
SC2,1SG2T4,T4,8,3.030993099001461,0.47668177973704223,69,0.05738574270408656
SC2,1SG2T5,T5,1,1.3316032257031305,0.24863332498811744,28,0.046987281825832866
SC2,1SG2T5,T5,2,1.6001298319838624,0.3685944672419209,28,0.06965780678260475
SC2,1SG2T5,T5,3,1.816532873419924,0.35581023973257164,28,0.06724181487590412
SC2,1SG2T5,T5,4,2.423689693209269,0.4863536339213594,28,0.09191219747060461
SC2,1SG2T5,T5,5,2.686018725309898,0.5874921078400431,28,0.11102557246842099
SC2,1SG2T5,T5,6,3.112868349195302,0.6154448633114121,28,0.11630814671386688
SC2,1SG2T5,T5,7,3.4536549291729974,0.643990134282376,28,0.12170269586358984
SC2,1SG2T5,T5,8,3.8244719552836104,0.6877995122120099,28,0.12998189008460792
SC3,1SG3T1,T1,1,1.449370876925949,0.2857163112848259,84,0.031174205327292384
SC3,1SG3T1,T1,2,1.732530811169771,0.1977826915606216,84,0.02157986083877743
SC3,1SG3T1,T1,3,1.9043418812047708,0.241340298472685,84,0.02633238538081701
SC3,1SG3T1,T1,4,2.148834714833205,0.3303524367381967,84,0.03604440588966421
SC3,1SG3T1,T1,5,2.423261122270582,0.38721528346963063,84,0.04224865111293727
SC3,1SG3T1,T1,6,2.72190233993331,0.4171361336030497,84,0.045513283508028274
SC3,1SG3T1,T1,7,3.0363763641037944,0.40565407894900696,84,0.044260488636938496
SC3,1SG3T1,T1,8,3.2743478086169864,0.4304816761022267,84,0.04696940157214087
SC3,1SG3T2,T2,1,1.4307880669026594,0.34134139740789876,92,0.03558730073696556
SC3,1SG3T2,T2,2,1.7500934002490194,0.23055330587985554,92,0.024036843742229804
SC3,1SG3T2,T2,3,2.0052415700336508,0.26021186444115174,92,0.027128962222322865
SC3,1SG3T2,T2,4,2.242803222723132,0.3019227332546894,92,0.03147762090755602
SC3,1SG3T2,T2,5,2.5393338693887713,0.39858853734399763,92,0.04155572765707507
SC3,1SG3T2,T2,6,2.789983875584731,0.3963338180710788,92,0.041320656923047136
SC3,1SG3T2,T2,7,3.0574658342496814,0.35294161894198894,92,0.03679670743502209
SC3,1SG3T2,T2,8,3.3487193193864493,0.40054322899415856,92,0.04175951834912285
SC3,1SG3T3,T3,1,1.2877284393830464,0.30190884145183516,95,0.030975193563269193
SC3,1SG3T3,T3,2,1.5612263318733701,0.2146970367530908,95,0.022027451196550186
SC3,1SG3T3,T3,3,1.8171038032399145,0.2686964703517115,95,0.027567676186254646
SC3,1SG3T3,T3,4,2.068662201805087,0.2984771001130505,95,0.030623104330914315
SC3,1SG3T3,T3,5,2.3670716170335484,0.3792741842227176,95,0.0389127102517265
SC3,1SG3T3,T3,6,2.5974516850271936,0.38348559012367106,95,0.039344791380348694
SC3,1SG3T3,T3,7,2.8361256825364545,0.36265383187392664,95,0.037207498080337784
SC3,1SG3T3,T3,8,3.052438503308671,0.3807074026915807,95,0.03905975536401272
SC3,1SG3T4,T4,1,1.4262067202112543,0.2223560986457946,74,0.025848371427861373
SC3,1SG3T4,T4,2,1.6565762328170968,0.19190379900488044,74,0.02230836350028585
SC3,1SG3T4,T4,3,1.8459270609718743,0.2160725991278641,74,0.025117929445854028
SC3,1SG3T4,T4,4,2.102106735555861,0.35211727565691114,74,0.04093280185602244
SC3,1SG3T4,T4,5,2.3480834789993943,0.37377322198111224,74,0.043450254480973706
SC3,1SG3T4,T4,6,2.606561153709995,0.38393807040379346,74,0.044631894108299236
SC3,1SG3T4,T4,7,2.90758528049652,0.3777154680506728,74,0.043908531277907226
SC3,1SG3T4,T4,8,3.1781888287511992,0.4013800980612342,74,0.04665948863838111
SC3,1SG3T5,T5,1,1.333519846601304,0.33266580921740474,76,0.03815938537762759
SC3,1SG3T5,T5,2,1.65024668673324,0.2770244055467238,76,0.03177687864927888
SC3,1SG3T5,T5,3,1.9068644078143395,0.24187515197193138,76,0.027744982747347144
SC3,1SG3T5,T5,4,2.1748741038649513,0.3288181139370001,76,0.037718024459395434
SC3,1SG3T5,T5,5,2.4394483142018473,0.3836008121701587,76,0.044002030918680234
SC3,1SG3T5,T5,6,2.7207684477701184,0.43209344234330016,76,0.049564517087922734
SC3,1SG3T5,T5,7,2.9564336755081984,0.4394162961370884,76,0.050404506026487106
SC3,1SG3T5,T5,8,3.2052456950909876,0.44126578950892936,76,0.050616657466081925
SC4,1SG4T1,T1,1,1.3484133897761472,0.31702374717137083,93,0.032873831189914285
SC4,1SG4T1,T1,2,1.6582621429598554,0.3085487799346446,93,0.031995018026023475
SC4,1SG4T1,T1,3,1.8975965719526868,0.35441778786241784,93,0.036751412576654256
SC4,1SG4T1,T1,4,2.1708530324803204,0.4214621526680416,93,0.0437035893473859
SC4,1SG4T1,T1,5,2.437312670970649,0.49899789450743437,93,0.0517436712376398
SC4,1SG4T1,T1,6,2.7398831547414884,0.5290260983647604,93,0.0548574509255963
SC4,1SG4T1,T1,7,3.0143959263337554,0.5422459324119436,93,0.05622828385752446
SC4,1SG4T1,T1,8,3.2545922613245,0.5998940986291011,93,0.062206120223222736
SC4,1SG4T2,T2,1,1.4361735471254442,0.38818558322486835,78,0.043953362087154405
SC4,1SG4T2,T2,2,1.722963844551812,0.3975461825992355,78,0.045013241256896826
SC4,1SG4T2,T2,3,2.049948028865664,0.36276934448595793,78,0.04107553974531396
SC4,1SG4T2,T2,4,2.371293150243827,0.40138167783418405,78,0.04544752557380715
SC4,1SG4T2,T2,5,2.671201221303307,0.4022582238347683,78,0.04554677486439043
SC4,1SG4T2,T2,6,2.9377466277744873,0.46528233992044976,78,0.05268285078849844
SC4,1SG4T2,T2,7,3.2525345419378904,0.4943404516701461,78,0.055973034047477284
SC4,1SG4T2,T2,8,3.5531976481029615,0.47905940979472955,78,0.05424279677014368
SC4,1SG4T3,T3,1,1.4434888769792547,0.33950549363278576,108,0.032668931356707606
SC4,1SG4T3,T3,2,1.7241308213605433,0.30171130870723345,108,0.029032184216612585
SC4,1SG4T3,T3,3,2.0048734062179485,0.2981441245166532,108,0.028688931757832502
SC4,1SG4T3,T3,4,2.2792450346493514,0.36960472053076343,108,0.035565230815365445
SC4,1SG4T3,T3,5,2.5803295206048418,0.40476416754229255,108,0.03894845018147623
SC4,1SG4T3,T3,6,2.851653363138674,0.4368191308725423,108,0.04203294046607344
SC4,1SG4T3,T3,7,3.128551975537471,0.4760476559621846,108,0.04580770705280961
SC4,1SG4T3,T3,8,3.3860260636187647,0.4855758462722271,108,0.04672455759287511
SC4,1SG4T4,T4,1,1.4738851238021067,0.3815294704965638,54,0.051919584697268345
SC4,1SG4T4,T4,2,1.8363421908324982,0.36963154155143807,54,0.05030048164663231
SC4,1SG4T4,T4,3,2.155783561104366,0.3834251068956349,54,0.052177548137022293
SC4,1SG4T4,T4,4,2.5424203670209558,0.4002924081794255,54,0.05447289710830444
SC4,1SG4T4,T4,5,2.874522144931618,0.5391189939113504,54,0.0733648025403022
SC4,1SG4T4,T4,6,3.152504471838333,0.5499264601351398,54,0.07483551241033817
SC4,1SG4T4,T4,7,3.444167962470518,0.6154088730533557,54,0.08374654012010832
SC4,1SG4T4,T4,8,3.7615792945545867,0.6206539666094525,54,0.08446030694597483
SC4,1SG4T5,T5,1,1.3750774460391222,0.37473639588727753,62,0.047591569869277914
SC4,1SG4T5,T5,2,1.7061042808862845,0.34972932762180564,62,0.04441566902366055
SC4,1SG4T5,T5,3,1.9825217018259558,0.43593929569878787,62,0.05536434591811966
SC4,1SG4T5,T5,4,2.2843969728595286,0.4740142475500026,62,0.06019986963875007
SC4,1SG4T5,T5,5,2.5590770263310896,0.5841726681914325,62,0.07419000305035207
SC4,1SG4T5,T5,6,2.8398501282719124,0.5929550821033569,62,0.07530537073253471
SC4,1SG4T5,T5,7,3.1454691610751784,0.6004156327671629,62,0.07625286161432943
SC4,1SG4T5,T5,8,3.3989027577296342,0.6647745978080102,62,0.08442645834811785
SC6,1SG6T1,T1,1,1.370774688028895,0.34381435390429915,70,0.04109367520862385
SC6,1SG6T1,T1,2,1.7410408178129126,0.34390107413650856,70,0.04110404025887833
SC6,1SG6T1,T1,3,1.988139245240206,0.35875552215754736,70,0.04287948638393996
SC6,1SG6T1,T1,4,2.2497087291344604,0.4265865484113276,70,0.050986844701843004
SC6,1SG6T1,T1,5,2.5660391565188765,0.44084524098402217,70,0.05269108443130185
SC6,1SG6T1,T1,6,2.905537255061102,0.4705025816487471,70,0.056235814635227394
SC6,1SG6T1,T1,7,3.168756232903263,0.46148193312530744,70,0.055157640916230884
SC6,1SG6T1,T1,8,3.411485191314514,0.5201281416806828,70,0.062167203545668494
SC6,1SG6T2,T2,1,1.2639000319095584,0.3416253191327037,50,0.04831311595675064
SC6,1SG6T2,T2,2,1.6193600358976017,0.26563791290020766,50,0.03756687391039566
SC6,1SG6T2,T2,3,1.9589572742996235,0.39799053700443515,50,0.056284361512782335
SC6,1SG6T2,T2,4,2.223849141287873,0.441913227309314,50,0.062495967945289624
SC6,1SG6T2,T2,5,2.4778194018370256,0.5203655464019484,50,0.07359080131133215
SC6,1SG6T2,T2,6,2.780593568665715,0.6036079565111586,50,0.08536305584543898
SC6,1SG6T2,T2,7,3.096997825064337,0.6597707443912346,50,0.09330567347750766
SC6,1SG6T2,T2,8,3.374835448220154,0.6573968102729423,50,0.09296994849488073
SC6,1SG6T3,T3,1,1.4743889815770654,0.08568730752041642,15,0.02212436766719509
SC6,1SG6T3,T3,2,1.7151599917364484,0.1985301002512871,15,0.05126025146627492
SC6,1SG6T3,T3,3,2.3158225116425863,0.44036574275974705,15,0.11370194586325064
SC6,1SG6T3,T3,4,2.8613449794653145,0.5101284086299452,15,0.131714588736738
SC6,1SG6T3,T3,5,3.6181157937157513,0.8135790558766182,15,0.21006520894888636
SC6,1SG6T3,T3,6,4.56151150717114,1.0450960661917439,15,0.2698426439698339
SC6,1SG6T3,T3,7,5.229615092141194,1.0752921080384128,15,0.2776392284494026
SC6,1SG6T3,T3,8,5.620909906776113,0.9807539755493848,15,0.25322958760196557
SC6,1SG6T4,T4,1,1.3553277282335117,0.37076466116813656,89,0.039300975481950114
SC6,1SG6T4,T4,2,1.7532638629399158,0.30125797818263406,89,0.03193328182085944
SC6,1SG6T4,T4,3,1.9976911496233374,0.2773185321687007,89,0.029395705618529833
SC6,1SG6T4,T4,4,2.3157426773870666,0.3604497917879043,89,0.038207601514391246
SC6,1SG6T4,T4,5,2.6071805642746955,0.42117739411618454,89,0.04464471448697588
SC6,1SG6T4,T4,6,2.8865822220503685,0.45158857325740104,89,0.047868293028794195
SC6,1SG6T4,T4,7,3.1165022382482443,0.4365681410390433,89,0.04627613039797035
SC6,1SG6T4,T4,8,3.393627078047112,0.441100016747172,89,0.04675650826227722
SC6,1SG6T5,T5,1,1.4118727397155755,0.35986731859853605,76,0.0412796124961572
SC6,1SG6T5,T5,2,1.7462425835310333,0.26409417138622054,76,0.03029367906975385
SC6,1SG6T5,T5,3,1.9982047733192316,0.2671421867029405,76,0.030643310405120857
SC6,1SG6T5,T5,4,2.2685382297667824,0.2920866015940697,76,0.033504631029230944
SC6,1SG6T5,T5,5,2.5934185234006386,0.390098885325702,76,0.04474741102954202
SC6,1SG6T5,T5,6,2.8619515570063845,0.44116918271557376,76,0.05060557590688465
SC6,1SG6T5,T5,7,3.208301531610846,0.43055191006412996,76,0.04938769120836724
SC6,1SG6T5,T5,8,3.4181796420465322,0.4106091160199372,76,0.04710009584282826
SC7,1SG7T1,T1,1,1.2452455615044054,0.3068668213218537,67,0.037489749052276464
SC7,1SG7T1,T1,2,1.5000255749132763,0.2698352648650317,67,0.03296562437629737
SC7,1SG7T1,T1,3,1.7525372536087367,0.326194793626354,67,0.03985103668925132
SC7,1SG7T1,T1,4,2.0188766636123514,0.3963028401933477,67,0.04841609778324691
SC7,1SG7T1,T1,5,2.2947913130660593,0.44696866038528454,67,0.05460591288395231
SC7,1SG7T1,T1,6,2.582584127701219,0.48311011786911506,67,0.05902129466297891
SC7,1SG7T1,T1,7,2.821025187592769,0.49189934813045344,67,0.06009507004032624
SC7,1SG7T1,T1,8,3.084181166725704,0.4970591007762325,67,0.060725434154077045
SC7,1SG7T2,T2,1,1.1911025320047517,0.25408052157579786,62,0.03226825850840097
SC7,1SG7T2,T2,2,1.411259776486677,0.25494457645005153,62,0.03237799358716632
SC7,1SG7T2,T2,3,1.726886083822253,0.36393593536329855,62,0.046219910011072035
SC7,1SG7T2,T2,4,1.9623342248379845,0.5036288163498844,62,0.06396092363739093
SC7,1SG7T2,T2,5,2.2172247613510634,0.5501751121496065,62,0.06987230911534408
SC7,1SG7T2,T2,6,2.4676146428370567,0.6515171859247298,62,0.08274276535524741
SC7,1SG7T2,T2,7,2.69486829172315,0.6960337859808594,62,0.08839637921599255
SC7,1SG7T2,T2,8,2.9210744422198593,0.7148930299444093,62,0.09079150559449096
SC7,1SG7T3,T3,1,1.0912821433909723,0.2456534962914281,68,0.02978986213270101
SC7,1SG7T3,T3,2,1.3201607582084012,0.2079899905911349,68,0.02522249118466096
SC7,1SG7T3,T3,3,1.500995348379328,0.32301253180418393,68,0.039171023147848066
SC7,1SG7T3,T3,4,1.7620383070837937,0.4264436446428298,68,0.0517138879481103
SC7,1SG7T3,T3,5,2.0084647813567056,0.5454763717302724,68,0.06614872638007636
SC7,1SG7T3,T3,6,2.2605295428853114,0.564882227648678,68,0.06850203207734412
SC7,1SG7T3,T3,7,2.508150082606099,0.6056358345940278,68,0.07344413284383185
SC7,1SG7T3,T3,8,2.6845260156374886,0.645519693200545,68,0.07828076113182804
SC7,1SG7T4,T4,1,1.0789475107807531,0.21897069421385984,55,0.02952600238449299
SC7,1SG7T4,T4,2,1.3147137106391797,0.2857672115036599,55,0.03853284293845435
SC7,1SG7T4,T4,3,1.516748470264049,0.38340631506983347,55,0.05169849697752404
SC7,1SG7T4,T4,4,1.7502287247616384,0.4399861530100289,55,0.059327720769018495
SC7,1SG7T4,T4,5,1.9592768995185996,0.4940049270371173,55,0.06661161077291769
SC7,1SG7T4,T4,6,2.21328848149975,0.5025007701466112,55,0.0677571900241037
SC7,1SG7T4,T4,7,2.4560292394064263,0.4895081547593623,55,0.0660052661226795
SC7,1SG7T4,T4,8,2.674562031330399,0.5731605468741284,55,0.0772849523743788
SC7,1SG7T5,T5,1,1.3005556963640852,0.28790916990653814,91,0.030181081716621837
SC7,1SG7T5,T5,2,1.5566963381954686,0.2433363014899639,91,0.02550857550759223
SC7,1SG7T5,T5,3,1.7994865812973186,0.33020938257094334,91,0.03461534886924268
SC7,1SG7T5,T5,4,2.0374218903787877,0.42386226105385266,91,0.0444328381121421
SC7,1SG7T5,T5,5,2.2863655959747367,0.400872995167115,91,0.04202290822849855
SC7,1SG7T5,T5,6,2.5149576100772273,0.3876836908570263,91,0.04064029345698085
SC7,1SG7T5,T5,7,2.75116144161242,0.40483193758258346,91,0.042437918158857633
SC7,1SG7T5,T5,8,3.0044168190513445,0.4157669229800389,91,0.04358421609705045
SC8,1SG8T1,T1,1,0.9854358900906344,0.2569991868534989,59,0.033458444259414286
SC8,1SG8T1,T1,2,1.274650665266657,0.27608847790920316,59,0.03594365827335241
SC8,1SG8T1,T1,3,1.498284866096225,0.2846877930208123,59,0.037063193742913746
SC8,1SG8T1,T1,4,1.773316800966877,0.2645269592545777,59,0.03443847675042224
SC8,1SG8T1,T1,5,1.9867571810947156,0.3081659753354118,59,0.040119792730260694
SC8,1SG8T1,T1,6,2.211042620777838,0.3240784457610811,59,0.042191419925993144
SC8,1SG8T1,T1,7,2.485186454373199,0.38781204903801186,59,0.05048882832950063
SC8,1SG8T1,T1,8,2.7128727636890066,0.3698230123371124,59,0.04814685523181646
SC8,1SG8T2,T2,1,1.199495612970438,0.23987956178022213,84,0.026173005941207233
SC8,1SG8T2,T2,2,1.4196527724124732,0.24721760255491465,84,0.026973651829366778
SC8,1SG8T2,T2,3,1.6337049686984315,0.2551247297669471,84,0.02783639013838544
SC8,1SG8T2,T2,4,1.8957984902724843,0.29289362449722917,84,0.031957314400679164
SC8,1SG8T2,T2,5,2.1435124479374807,0.30711060779498406,84,0.03350851445105737
SC8,1SG8T2,T2,6,2.418775283711494,0.3220933990973998,84,0.03514327100498704
SC8,1SG8T2,T2,7,2.6318806207504175,0.38176178833316854,84,0.04165362601139177
SC8,1SG8T2,T2,8,2.855368941922953,0.34496975982919836,84,0.03763928659257233
SC8,1SG8T3,T3,1,1.1318396280883634,0.20605375708910198,80,0.02303751039352306
SC8,1SG8T3,T3,2,1.3331141003251517,0.19286745604442346,80,0.021563237118139178
SC8,1SG8T3,T3,3,1.5699014456563436,0.22799507482689035,80,0.025490624292403896
SC8,1SG8T3,T3,4,1.7627736651639967,0.261529617280876,80,0.02923990011847712
SC8,1SG8T3,T3,5,2.0155400921231923,0.29698373794165395,80,0.03320379131247608
SC8,1SG8T3,T3,6,2.2419019886546208,0.322091584586912,80,0.03601093390584793
SC8,1SG8T3,T3,7,2.4950759375712317,0.3121150779710803,80,0.034895526557299134
SC8,1SG8T3,T3,8,2.667639780437893,0.292550168753778,80,0.032708103208124124
SC8,1SG8T4,T4,1,1.2130118815541842,0.21202482912838178,97,0.02152785971686133
SC8,1SG8T4,T4,2,1.441645421526397,0.17998728849996184,97,0.018274940315123462
SC8,1SG8T4,T4,3,1.6676180131375595,0.26080895614574146,97,0.026481137345508082
SC8,1SG8T4,T4,4,1.9235825138675715,0.3707524584742026,97,0.037644208692564296
SC8,1SG8T4,T4,5,2.1536262818242378,0.43828849762108996,97,0.0445014545281749
SC8,1SG8T4,T4,6,2.4206169789568226,0.4308692602185262,97,0.043748145103684
SC8,1SG8T4,T4,7,2.6371413092803055,0.415804543980885,97,0.042218554917612484
SC8,1SG8T4,T4,8,2.8451306959717844,0.39533330121133226,97,0.04014001513345401
SC8,1SG8T5,T5,1,1.1144114272402035,0.34716066787514016,63,0.043738132960986234
SC8,1SG8T5,T5,2,1.4384661546237274,0.20867419472536516,63,0.026290477346665835
SC8,1SG8T5,T5,3,1.659131221894618,0.26645427855003606,63,0.033570083657739405
SC8,1SG8T5,T5,4,1.89202467611237,0.35850879117730833,63,0.04516786210883548
SC8,1SG8T5,T5,5,2.169047055454877,0.42548448688409407,63,0.05360600661958269
SC8,1SG8T5,T5,6,2.425163555301185,0.4661140850375242,63,0.05872485483779532
SC8,1SG8T5,T5,7,2.6765638855976888,0.5198555847727362,63,0.06549564737984362
SC8,1SG8T5,T5,8,2.8792480975968693,0.5937766664368486,63,0.07480882827165972
SC9,1SG9T1,T1,1,1.134640965585241,0.2584488466428892,39,0.041384936665979935
SC9,1SG9T1,T1,2,1.4376434705845895,0.2829854921694106,39,0.04531394441471166
SC9,1SG9T1,T1,3,1.7332303839222,0.3793409157435335,39,0.06074316050074313
SC9,1SG9T1,T1,4,2.1005686917203445,0.43657075998770245,39,0.06990726980211459
SC9,1SG9T1,T1,5,2.34653657347173,0.44472160966230423,39,0.07121245031245138
SC9,1SG9T1,T1,6,2.6363218241305515,0.4894140504838887,39,0.07836896835025481
SC9,1SG9T1,T1,7,2.8857071602675886,0.5949598664656104,39,0.09526982500525936
SC9,1SG9T1,T1,8,3.2090447912240907,0.7026926591099126,39,0.11252087819565774
SC9,1SG9T2,T2,1,1.1188129136078984,0.1508521824118347,36,0.02514203040197245
SC9,1SG9T2,T2,2,1.3136506424306562,0.16279114680863402,36,0.027131857801439004
SC9,1SG9T2,T2,3,1.595069923186893,0.22927680797247763,36,0.03821280132874627
SC9,1SG9T2,T2,4,1.9021165021490463,0.34016903751024113,36,0.05669483958504019
SC9,1SG9T2,T2,5,2.236914427902063,0.3747220884012578,36,0.06245368140020963
SC9,1SG9T2,T2,6,2.4760364655523697,0.3812365032722859,36,0.06353941721204766
SC9,1SG9T2,T2,7,2.7564784407227636,0.4341120944465507,36,0.07235201574109178
SC9,1SG9T2,T2,8,3.0366715809066505,0.5095386528898296,36,0.0849231088149716
SC9,1SG9T3,T3,1,1.1186692488197654,0.2118450382080652,58,0.02781661628613267
SC9,1SG9T3,T3,2,1.3750717587396666,0.21181902333457778,58,0.027813200365893742
SC9,1SG9T3,T3,3,1.6338242351915893,0.250362635866215,58,0.032874224636950326
SC9,1SG9T3,T3,4,1.8498267658871073,0.3399938743162789,58,0.04464338283062742
SC9,1SG9T3,T3,5,2.159722697573132,0.3548397467649933,58,0.046592741384558545
SC9,1SG9T3,T3,6,2.3436476610711163,0.3810045446835362,58,0.0500283476657379
SC9,1SG9T3,T3,7,2.587307276583533,0.46050521435330866,58,0.060467297010034865
SC9,1SG9T3,T3,8,2.796579165025326,0.5012970495391074,58,0.06582352737808381
SC9,1SG9T4,T4,1,1.1724680799761078,0.24173740322591264,74,0.028101402321074866
SC9,1SG9T4,T4,2,1.4564284224158834,0.23504243288748825,74,0.027323127827773123
SC9,1SG9T4,T4,3,1.7079231496715055,0.26738795519943015,74,0.03108321842047189
SC9,1SG9T4,T4,4,1.9610581324468814,0.32367958258110857,74,0.03762698718463893
SC9,1SG9T4,T4,5,2.210187133401449,0.3156430438891439,74,0.03669275853802469
SC9,1SG9T4,T4,6,2.4584179037229186,0.3136319284986238,74,0.03645897112263538
SC9,1SG9T4,T4,7,2.677647574737846,0.32590411305777073,74,0.03788558359986457
SC9,1SG9T4,T4,8,2.887097956922793,0.369930157516638,74,0.043003507311438295
SC9,1SG9T5,T5,1,1.1353947634482218,0.16628293397606606,42,0.025658013754032344
SC9,1SG9T5,T5,2,1.330365846228867,0.15303347275595763,42,0.02361357750257679
SC9,1SG9T5,T5,3,1.549085021447686,0.2714237930521235,42,0.04188160052736022
SC9,1SG9T5,T5,4,1.831114003633844,0.33793126978422683,42,0.05214392698464965
SC9,1SG9T5,T5,5,2.049195628113711,0.3544047361547005,42,0.054685838031101594
SC9,1SG9T5,T5,6,2.3140022210277635,0.4247601022492113,42,0.065541906707294
SC9,1SG9T5,T5,7,2.574816684072804,0.50941692520039,42,0.07860473808580856
SC9,1SG9T5,T5,8,2.8361464537192975,0.4848413665101538,42,0.07481264705271513
